name	endtime	length	radius	cylinder_end	halfLength	coreRadius	pbcd_dif	mbcd_num	bcd_trans	pbcd_deg	mbcd_deg	mbcd_dif	mbcd_drift	mcadbinding	mcadunbinding	cad_trans	nuclear_absorption_speed	pbcd	mbcd
default	10000	500	100	400	250	75	7.4	50	0.4	0.0333333	0	0	0 0 0	0	0	0	0	default-pbcd.result	default1-mbcd.result
model1	8461	500	100	400	250	75	10	70000	0.0042	0.00041	0	0	0 0 0	0	0	0	0	model1-pbcd.result	model1-mbcd.result
model2	8461	500	100	400	250	75	5	70000	0.0042	0.000041	0	0	0 0 0	0	0	0	0	model2-pbcd.result	model2-mbcd.result
model4	8461	500	100	400	250	75	3	70000	0.0042	0.00166667	0		0 0 0	0	0	0	0	model4-pbcd.result	model4-mbcd.result
lowdif	8461	500	100	400	250	75	0.3	70000	0.0042	0.0003333	0	0	0 0 0	0	0	0	0	lowdif-pbcd.result	lowdif-mbcd.result
highdif	8461	500	100	400	250	75	7.4	70000	0.0042	0.0003333	0	0	0 0 0	0	0	0	0	highdif-pbcd.result	highdif-mbcd.result
lowdifs	8461	500	100	400	250	75	0.3	70000	0.0042	0.0003333	0	0.01	0.01 0 0	0	0	0	0	lowdifs-pbcd.result	lowdifs-mbcd.result
highdifs	8461	500	100	400	250	75	7.4	70000	0.0042	0.0003333	0	0.01	0.01 0 0	0	0	0	0	highdifs-pbcd.result	highdifs-mbcd.result
